id,shipmentId,fromPartyId,toPartyId,timestamp,valid
cus-0001,SHP-001,tp-biontech,tp-ff-hanseatic,2026-06-15T05:08:34.285Z,true
cus-0002,SHP-001,tp-ff-hanseatic,tp-atlantic,2026-06-16T22:17:08.571Z,true
cus-0003,SHP-001,tp-atlantic,tp-cb-newark,2026-06-18T15:25:42.857Z,true
cus-0004,SHP-001,tp-cb-newark,tp-3pl-quickship,2026-06-20T08:34:17.142Z,true
cus-0005,SHP-001,tp-3pl-quickship,tp-dist-valuemeds,2026-06-22T01:42:51.428Z,true
cus-0006,SHP-001,tp-dist-valuemeds,tp-disp-nyhealth,2026-06-23T18:51:25.714Z,true
cus-0007,SHP-002,tp-biontech,tp-ff-hanseatic,2026-05-28T05:08:34.285Z,true
cus-0008,SHP-002,tp-ff-hanseatic,tp-atlantic,2026-06-01T22:17:08.571Z,true
cus-0009,SHP-002,tp-atlantic,tp-cb-newark,2026-06-06T15:25:42.857Z,true
cus-0010,SHP-002,tp-cb-newark,tp-3pl-quickship,2026-06-11T08:34:17.142Z,true
cus-0011,SHP-002,tp-3pl-quickship,tp-dist-valuemeds,2026-06-16T01:42:51.428Z,true
cus-0012,SHP-002,tp-dist-valuemeds,tp-disp-nyhealth,2026-06-20T18:51:25.714Z,true
cus-0013,SHP-003,tp-biontech,tp-ff-globallink,2026-06-19T01:42:51.428Z,true
cus-0014,SHP-003,tp-ff-globallink,tp-globalair,2026-06-19T15:25:42.857Z,true
cus-0015,SHP-003,tp-globalair,tp-cb-newark,2026-06-20T05:08:34.285Z,true
cus-0016,SHP-003,tp-cb-newark,tp-3pl-quickship,2026-06-20T18:51:25.714Z,true
cus-0017,SHP-003,tp-3pl-quickship,tp-dist-valuemeds,2026-06-21T08:34:17.142Z,true
cus-0018,SHP-003,tp-dist-valuemeds,tp-disp-nyhealth,2026-06-21T22:17:08.571Z,false
cus-0019,SHP-004,tp-biontech,tp-ff-globallink,2026-06-23T18:51:25.714Z,true
cus-0020,SHP-004,tp-ff-globallink,tp-transcon,2026-06-24T01:42:51.428Z,true
cus-0021,SHP-004,tp-transcon,tp-cb-newark,2026-06-24T08:34:17.142Z,true
cus-0022,SHP-004,tp-cb-newark,tp-3pl-edison,2026-06-24T15:25:42.857Z,true
cus-0023,SHP-004,tp-3pl-edison,tp-dist-northeast,2026-06-24T22:17:08.571Z,true
cus-0024,SHP-004,tp-dist-northeast,tp-disp-nyhealth,2026-06-25T05:08:34.285Z,true
cus-0025,SHP-005,tp-biontech,tp-ff-hanseatic,2026-06-17T18:51:25.714Z,true
cus-0026,SHP-005,tp-ff-hanseatic,tp-globalair,2026-06-19T01:42:51.428Z,true
cus-0027,SHP-005,tp-globalair,tp-cb-newark,2026-06-20T08:34:17.142Z,true
cus-0028,SHP-005,tp-cb-newark,tp-3pl-quickship,2026-06-21T15:25:42.857Z,true
cus-0029,SHP-005,tp-3pl-quickship,tp-dist-valuemeds,2026-06-22T22:17:08.571Z,true
cus-0030,SHP-005,tp-dist-valuemeds,tp-disp-nyhealth,2026-06-24T05:08:34.285Z,true
cus-0031,SHP-006,tp-biontech,tp-ff-hanseatic,2026-06-10T12:51:25.714Z,true
cus-0032,SHP-006,tp-ff-hanseatic,tp-pacific,2026-06-10T13:42:51.428Z,true
cus-0033,SHP-006,tp-pacific,tp-cb-newark,2026-06-10T14:34:17.142Z,true
cus-0034,SHP-006,tp-cb-newark,tp-3pl-quickship,2026-06-10T15:25:42.857Z,true
cus-0035,SHP-006,tp-3pl-quickship,tp-dist-northeast,2026-06-10T16:17:08.571Z,true
cus-0036,SHP-006,tp-dist-northeast,tp-disp-nyhealth,2026-06-10T17:08:34.285Z,true
cus-0037,SHP-007,tp-biontech,tp-ff-hanseatic,2026-06-13T12:00:00.000Z,true
cus-0038,SHP-007,tp-ff-hanseatic,tp-atlantic,2026-06-15T12:00:00.000Z,true
cus-0039,SHP-007,tp-atlantic,tp-cb-newark,2026-06-17T12:00:00.000Z,true
cus-0040,SHP-007,tp-cb-newark,tp-3pl-edison,2026-06-19T12:00:00.000Z,true
cus-0041,SHP-007,tp-3pl-edison,tp-dist-valuemeds,2026-06-21T12:00:00.000Z,true
cus-0042,SHP-007,tp-dist-valuemeds,tp-disp-nyhealth,2026-06-23T12:00:00.000Z,true
cus-0043,SHP-008,tp-biontech,tp-ff-globallink,2026-06-18T15:25:42.857Z,true
cus-0044,SHP-008,tp-ff-globallink,tp-transcon,2026-06-19T18:51:25.714Z,true
cus-0045,SHP-008,tp-transcon,tp-cb-newark,2026-06-20T22:17:08.571Z,true
cus-0046,SHP-008,tp-cb-newark,tp-3pl-quickship,2026-06-22T01:42:51.428Z,true
cus-0047,SHP-008,tp-3pl-quickship,tp-dist-northeast,2026-06-23T05:08:34.285Z,true
cus-0048,SHP-008,tp-dist-northeast,tp-disp-nyhealth,2026-06-24T08:34:17.142Z,true
cus-0049,SHP-009,tp-biontech,tp-ff-globallink,2026-06-21T05:08:34.285Z,true
cus-0050,SHP-009,tp-ff-globallink,tp-abc,2026-06-21T22:17:08.571Z,true
cus-0051,SHP-009,tp-abc,tp-cb-newark,2026-06-22T15:25:42.857Z,true
cus-0052,SHP-009,tp-cb-newark,tp-3pl-quickship,2026-06-23T08:34:17.142Z,true
cus-0053,SHP-009,tp-3pl-quickship,tp-dist-valuemeds,2026-06-24T01:42:51.428Z,true
cus-0054,SHP-009,tp-dist-valuemeds,tp-disp-nyhealth,2026-06-24T18:51:25.714Z,true
cus-0055,SHP-010,tp-biontech,tp-ff-hanseatic,2026-06-16T15:25:42.857Z,true
cus-0056,SHP-010,tp-ff-hanseatic,tp-pacific,2026-06-17T18:51:25.714Z,true
cus-0057,SHP-010,tp-pacific,tp-cb-newark,2026-06-18T22:17:08.571Z,true
cus-0058,SHP-010,tp-cb-newark,tp-3pl-quickship,2026-06-20T01:42:51.428Z,true
cus-0059,SHP-010,tp-3pl-quickship,tp-dist-northeast,2026-06-21T05:08:34.285Z,true
cus-0060,SHP-010,tp-dist-northeast,tp-disp-nyhealth,2026-06-22T08:34:17.142Z,true
cus-0061,SHP-011,tp-biontech,tp-ff-hanseatic,2026-06-21T12:51:25.714Z,true
cus-0062,SHP-011,tp-ff-hanseatic,tp-skycargo,2026-06-21T13:42:51.428Z,true
cus-0063,SHP-011,tp-skycargo,tp-cb-newark,2026-06-21T14:34:17.142Z,true
cus-0064,SHP-011,tp-cb-newark,tp-3pl-edison,2026-06-21T15:25:42.857Z,true
cus-0065,SHP-011,tp-3pl-edison,tp-dist-northeast,2026-06-21T16:17:08.571Z,true
cus-0066,SHP-011,tp-dist-northeast,tp-disp-nyhealth,2026-06-21T17:08:34.285Z,true
cus-0067,SHP-012,tp-biontech,tp-ff-hanseatic,2026-06-22T22:17:08.571Z,true
cus-0068,SHP-012,tp-ff-hanseatic,tp-transcon,2026-06-23T08:34:17.142Z,true
cus-0069,SHP-012,tp-transcon,tp-cb-newark,2026-06-23T18:51:25.714Z,false
cus-0070,SHP-012,tp-cb-newark,tp-3pl-quickship,2026-06-24T05:08:34.285Z,true
cus-0071,SHP-012,tp-3pl-quickship,tp-dist-valuemeds,2026-06-24T15:25:42.857Z,true
cus-0072,SHP-012,tp-dist-valuemeds,tp-disp-nyhealth,2026-06-25T01:42:51.428Z,true
cus-0073,SHP-012,tp-transcon,tp-greymarket,2026-06-24T00:00:00.000Z,false
cus-0074,SHP-013,tp-biontech,tp-ff-globallink,2026-06-18T15:25:42.857Z,true
cus-0075,SHP-013,tp-ff-globallink,tp-abc,2026-06-19T18:51:25.714Z,true
cus-0076,SHP-013,tp-abc,tp-cb-newark,2026-06-20T22:17:08.571Z,true
cus-0077,SHP-013,tp-cb-newark,tp-3pl-quickship,2026-06-22T01:42:51.428Z,true
cus-0078,SHP-013,tp-3pl-quickship,tp-dist-northeast,2026-06-23T05:08:34.285Z,true
cus-0079,SHP-013,tp-dist-northeast,tp-disp-nyhealth,2026-06-24T08:34:17.142Z,true
cus-0080,SHP-014,tp-biontech,tp-ff-hanseatic,2026-05-26T05:08:34.285Z,true
cus-0081,SHP-014,tp-ff-hanseatic,tp-atlantic,2026-05-29T22:17:08.571Z,true
cus-0082,SHP-014,tp-atlantic,tp-cb-newark,2026-06-02T15:25:42.857Z,true
cus-0083,SHP-014,tp-cb-newark,tp-3pl-quickship,2026-06-06T08:34:17.142Z,true
cus-0084,SHP-014,tp-3pl-quickship,tp-dist-valuemeds,2026-06-10T01:42:51.428Z,true
cus-0085,SHP-014,tp-dist-valuemeds,tp-disp-nyhealth,2026-06-13T18:51:25.714Z,true
cus-0086,SHP-015,tp-biontech,tp-ff-hanseatic,2026-06-22T12:51:25.714Z,true
cus-0087,SHP-015,tp-ff-hanseatic,tp-globalair,2026-06-22T13:42:51.428Z,true
cus-0088,SHP-015,tp-globalair,tp-cb-newark,2026-06-22T14:34:17.142Z,true
cus-0089,SHP-015,tp-cb-newark,tp-3pl-edison,2026-06-22T15:25:42.857Z,true
cus-0090,SHP-015,tp-3pl-edison,tp-dist-valuemeds,2026-06-22T16:17:08.571Z,true
cus-0091,SHP-015,tp-dist-valuemeds,tp-disp-nyhealth,2026-06-22T17:08:34.285Z,true
cus-0092,SHP-016,tp-biontech,tp-ff-hanseatic,2026-06-22T01:42:51.428Z,true
cus-0093,SHP-016,tp-ff-hanseatic,tp-transcon,2026-06-22T15:25:42.857Z,true
cus-0094,SHP-016,tp-transcon,tp-cb-newark,2026-06-23T05:08:34.285Z,true
cus-0095,SHP-016,tp-cb-newark,tp-3pl-edison,2026-06-23T18:51:25.714Z,true
cus-0096,SHP-016,tp-3pl-edison,tp-dist-northeast,2026-06-24T08:34:17.142Z,true
cus-0097,SHP-016,tp-dist-northeast,tp-disp-nyhealth,2026-06-24T22:17:08.571Z,true
cus-0098,SHP-017,tp-biontech,tp-ff-globallink,2026-06-20T08:34:17.142Z,true
cus-0099,SHP-017,tp-ff-globallink,tp-abc,2026-06-21T05:08:34.285Z,true
cus-0100,SHP-017,tp-abc,tp-cb-newark,2026-06-22T01:42:51.428Z,true
cus-0101,SHP-017,tp-cb-newark,tp-3pl-quickship,2026-06-22T22:17:08.571Z,true
cus-0102,SHP-017,tp-3pl-quickship,tp-dist-valuemeds,2026-06-23T18:51:25.714Z,true
cus-0103,SHP-017,tp-dist-valuemeds,tp-disp-nyhealth,2026-06-24T15:25:42.857Z,true
cus-0104,SHP-018,tp-biontech,tp-ff-globallink,2026-06-09T18:51:25.714Z,true
cus-0105,SHP-018,tp-ff-globallink,tp-pacific,2026-06-12T01:42:51.428Z,true
cus-0106,SHP-018,tp-pacific,tp-cb-newark,2026-06-14T08:34:17.142Z,true
cus-0107,SHP-018,tp-cb-newark,tp-3pl-quickship,2026-06-16T15:25:42.857Z,true
cus-0108,SHP-018,tp-3pl-quickship,tp-dist-valuemeds,2026-06-18T22:17:08.571Z,true
cus-0109,SHP-018,tp-dist-valuemeds,tp-disp-nyhealth,2026-06-21T05:08:34.285Z,true
cus-0110,SHP-019,tp-biontech,tp-ff-globallink,2026-06-19T12:00:00.000Z,true
cus-0111,SHP-019,tp-ff-globallink,tp-globalair,2026-06-20T12:00:00.000Z,true
cus-0112,SHP-019,tp-globalair,tp-cb-newark,2026-06-21T12:00:00.000Z,true
cus-0113,SHP-019,tp-cb-newark,tp-3pl-quickship,2026-06-22T12:00:00.000Z,true
cus-0114,SHP-019,tp-3pl-quickship,tp-dist-valuemeds,2026-06-23T12:00:00.000Z,true
cus-0115,SHP-019,tp-dist-valuemeds,tp-disp-nyhealth,2026-06-24T12:00:00.000Z,true
cus-0116,SHP-020,tp-biontech,tp-ff-hanseatic,2026-06-23T18:51:25.714Z,true
cus-0117,SHP-020,tp-ff-hanseatic,tp-transcon,2026-06-24T01:42:51.428Z,true
cus-0118,SHP-020,tp-transcon,tp-cb-newark,2026-06-24T08:34:17.142Z,true
cus-0119,SHP-020,tp-cb-newark,tp-3pl-edison,2026-06-24T15:25:42.857Z,true
cus-0120,SHP-020,tp-3pl-edison,tp-dist-northeast,2026-06-24T22:17:08.571Z,true
cus-0121,SHP-020,tp-dist-northeast,tp-disp-nyhealth,2026-06-25T05:08:34.285Z,true
cus-0122,SHP-021,tp-biontech,tp-ff-hanseatic,2026-06-21T05:08:34.285Z,true
cus-0123,SHP-021,tp-ff-hanseatic,tp-globalair,2026-06-21T22:17:08.571Z,true
cus-0124,SHP-021,tp-globalair,tp-cb-newark,2026-06-22T15:25:42.857Z,true
cus-0125,SHP-021,tp-cb-newark,tp-3pl-edison,2026-06-23T08:34:17.142Z,true
cus-0126,SHP-021,tp-3pl-edison,tp-dist-northeast,2026-06-24T01:42:51.428Z,true
cus-0127,SHP-021,tp-dist-northeast,tp-disp-nyhealth,2026-06-24T18:51:25.714Z,true
cus-0128,SHP-022,tp-biontech,tp-ff-hanseatic,2026-06-04T22:17:08.571Z,true
cus-0129,SHP-022,tp-ff-hanseatic,tp-atlantic,2026-06-08T08:34:17.142Z,true
cus-0130,SHP-022,tp-atlantic,tp-cb-newark,2026-06-11T18:51:25.714Z,true
cus-0131,SHP-022,tp-cb-newark,tp-3pl-quickship,2026-06-15T05:08:34.285Z,true
cus-0132,SHP-022,tp-3pl-quickship,tp-dist-valuemeds,2026-06-18T15:25:42.857Z,true
cus-0133,SHP-022,tp-dist-valuemeds,tp-disp-nyhealth,2026-06-22T01:42:51.428Z,true
cus-0134,SHP-023,tp-biontech,tp-ff-globallink,2026-06-17T05:08:34.285Z,true
cus-0135,SHP-023,tp-ff-globallink,tp-abc,2026-06-17T22:17:08.571Z,true
cus-0136,SHP-023,tp-abc,tp-cb-newark,2026-06-18T15:25:42.857Z,true
cus-0137,SHP-023,tp-cb-newark,tp-3pl-edison,2026-06-19T08:34:17.142Z,true
cus-0138,SHP-023,tp-3pl-edison,tp-dist-valuemeds,2026-06-20T01:42:51.428Z,true
cus-0139,SHP-023,tp-dist-valuemeds,tp-disp-nyhealth,2026-06-20T18:51:25.714Z,true
cus-0140,SHP-024,tp-biontech,tp-ff-hanseatic,2026-06-22T12:51:25.714Z,true
cus-0141,SHP-024,tp-ff-hanseatic,tp-transcon,2026-06-22T13:42:51.428Z,true
cus-0142,SHP-024,tp-transcon,tp-cb-newark,2026-06-22T14:34:17.142Z,true
cus-0143,SHP-024,tp-cb-newark,tp-3pl-quickship,2026-06-22T15:25:42.857Z,true
cus-0144,SHP-024,tp-3pl-quickship,tp-dist-valuemeds,2026-06-22T16:17:08.571Z,true
cus-0145,SHP-024,tp-dist-valuemeds,tp-disp-nyhealth,2026-06-22T17:08:34.285Z,true
cus-0146,SHP-025,tp-biontech,tp-ff-globallink,2026-06-19T12:00:00.000Z,true
cus-0147,SHP-025,tp-ff-globallink,tp-globalair,2026-06-20T12:00:00.000Z,true
cus-0148,SHP-025,tp-globalair,tp-cb-newark,2026-06-21T12:00:00.000Z,true
cus-0149,SHP-025,tp-cb-newark,tp-3pl-quickship,2026-06-22T12:00:00.000Z,true
cus-0150,SHP-025,tp-3pl-quickship,tp-dist-valuemeds,2026-06-23T12:00:00.000Z,true
cus-0151,SHP-025,tp-dist-valuemeds,tp-disp-nyhealth,2026-06-24T12:00:00.000Z,true
cus-0152,SHP-026,tp-biontech,tp-ff-globallink,2026-06-18T15:25:42.857Z,true
cus-0153,SHP-026,tp-ff-globallink,tp-carrierb,2026-06-18T18:51:25.714Z,true
cus-0154,SHP-026,tp-carrierb,tp-cb-newark,2026-06-18T22:17:08.571Z,false
cus-0155,SHP-026,tp-cb-newark,tp-3pl-edison,2026-06-19T01:42:51.428Z,true
cus-0156,SHP-026,tp-3pl-edison,tp-dist-northeast,2026-06-19T05:08:34.285Z,true
cus-0157,SHP-026,tp-dist-northeast,tp-disp-nyhealth,2026-06-19T08:34:17.142Z,true
cus-0158,SHP-027,tp-biontech,tp-ff-globallink,2026-06-22T22:17:08.571Z,true
cus-0159,SHP-027,tp-ff-globallink,tp-globalair,2026-06-23T08:34:17.142Z,true
cus-0160,SHP-027,tp-globalair,tp-cb-newark,2026-06-23T18:51:25.714Z,true
cus-0161,SHP-027,tp-cb-newark,tp-3pl-edison,2026-06-24T05:08:34.285Z,true
cus-0162,SHP-027,tp-3pl-edison,tp-dist-northeast,2026-06-24T15:25:42.857Z,true
cus-0163,SHP-027,tp-dist-northeast,tp-disp-nyhealth,2026-06-25T01:42:51.428Z,true
cus-0164,SHP-028,tp-biontech,tp-ff-globallink,2026-06-16T22:17:08.571Z,false
cus-0165,SHP-028,tp-ff-globallink,tp-carrierb,2026-06-18T08:34:17.142Z,true
cus-0166,SHP-028,tp-carrierb,tp-cb-newark,2026-06-19T18:51:25.714Z,false
cus-0167,SHP-028,tp-cb-newark,tp-3pl-edison,2026-06-21T05:08:34.285Z,false
cus-0168,SHP-028,tp-3pl-edison,tp-dist-northeast,2026-06-22T15:25:42.857Z,true
cus-0169,SHP-028,tp-dist-northeast,tp-disp-nyhealth,2026-06-24T01:42:51.428Z,true
cus-0170,SHP-029,tp-biontech,tp-ff-globallink,2026-06-18T15:25:42.857Z,true
cus-0171,SHP-029,tp-ff-globallink,tp-skycargo,2026-06-19T18:51:25.714Z,true
cus-0172,SHP-029,tp-skycargo,tp-cb-newark,2026-06-20T22:17:08.571Z,true
cus-0173,SHP-029,tp-cb-newark,tp-3pl-quickship,2026-06-22T01:42:51.428Z,true
cus-0174,SHP-029,tp-3pl-quickship,tp-dist-valuemeds,2026-06-23T05:08:34.285Z,true
cus-0175,SHP-029,tp-dist-valuemeds,tp-disp-nyhealth,2026-06-24T08:34:17.142Z,true
cus-0176,SHP-030,tp-biontech,tp-ff-hanseatic,2026-06-03T05:08:34.285Z,true
cus-0177,SHP-030,tp-ff-hanseatic,tp-atlantic,2026-06-06T22:17:08.571Z,true
cus-0178,SHP-030,tp-atlantic,tp-cb-newark,2026-06-10T15:25:42.857Z,true
cus-0179,SHP-030,tp-cb-newark,tp-3pl-quickship,2026-06-14T08:34:17.142Z,true
cus-0180,SHP-030,tp-3pl-quickship,tp-dist-northeast,2026-06-18T01:42:51.428Z,true
cus-0181,SHP-030,tp-dist-northeast,tp-disp-nyhealth,2026-06-21T18:51:25.714Z,true
cus-0182,SHP-031,tp-biontech,tp-ff-hanseatic,2026-06-17T18:51:25.714Z,true
cus-0183,SHP-031,tp-ff-hanseatic,tp-abc,2026-06-19T01:42:51.428Z,true
cus-0184,SHP-031,tp-abc,tp-cb-newark,2026-06-20T08:34:17.142Z,true
cus-0185,SHP-031,tp-cb-newark,tp-3pl-quickship,2026-06-21T15:25:42.857Z,true
cus-0186,SHP-031,tp-3pl-quickship,tp-dist-northeast,2026-06-22T22:17:08.571Z,true
cus-0187,SHP-031,tp-dist-northeast,tp-disp-nyhealth,2026-06-24T05:08:34.285Z,true
cus-0188,SHP-032,tp-biontech,tp-ff-hanseatic,2026-06-19T12:00:00.000Z,false
cus-0189,SHP-032,tp-ff-hanseatic,tp-carrierb,2026-06-20T12:00:00.000Z,true
cus-0190,SHP-032,tp-carrierb,tp-cb-newark,2026-06-21T12:00:00.000Z,true
cus-0191,SHP-032,tp-cb-newark,tp-3pl-quickship,2026-06-22T12:00:00.000Z,true
cus-0192,SHP-032,tp-3pl-quickship,tp-dist-valuemeds,2026-06-23T12:00:00.000Z,true
cus-0193,SHP-032,tp-dist-valuemeds,tp-disp-nyhealth,2026-06-24T12:00:00.000Z,true
cus-0194,SHP-033,tp-biontech,tp-ff-hanseatic,2026-06-20T08:34:17.142Z,true
cus-0195,SHP-033,tp-ff-hanseatic,tp-globalair,2026-06-21T05:08:34.285Z,true
cus-0196,SHP-033,tp-globalair,tp-cb-newark,2026-06-22T01:42:51.428Z,true
cus-0197,SHP-033,tp-cb-newark,tp-3pl-quickship,2026-06-22T22:17:08.571Z,true
cus-0198,SHP-033,tp-3pl-quickship,tp-dist-northeast,2026-06-23T18:51:25.714Z,true
cus-0199,SHP-033,tp-dist-northeast,tp-disp-nyhealth,2026-06-24T15:25:42.857Z,true
cus-0200,SHP-034,tp-biontech,tp-ff-hanseatic,2026-06-23T12:51:25.714Z,true
cus-0201,SHP-034,tp-ff-hanseatic,tp-pacific,2026-06-23T13:42:51.428Z,true
cus-0202,SHP-034,tp-pacific,tp-cb-newark,2026-06-23T14:34:17.142Z,true
cus-0203,SHP-034,tp-cb-newark,tp-3pl-quickship,2026-06-23T15:25:42.857Z,true
cus-0204,SHP-034,tp-3pl-quickship,tp-dist-valuemeds,2026-06-23T16:17:08.571Z,true
cus-0205,SHP-034,tp-dist-valuemeds,tp-disp-nyhealth,2026-06-23T17:08:34.285Z,true
cus-0206,SHP-035,tp-biontech,tp-ff-globallink,2026-06-17T18:51:25.714Z,true
cus-0207,SHP-035,tp-ff-globallink,tp-transcon,2026-06-19T01:42:51.428Z,true
cus-0208,SHP-035,tp-transcon,tp-cb-newark,2026-06-20T08:34:17.142Z,true
cus-0209,SHP-035,tp-cb-newark,tp-3pl-edison,2026-06-21T15:25:42.857Z,true
cus-0210,SHP-035,tp-3pl-edison,tp-dist-northeast,2026-06-22T22:17:08.571Z,true
cus-0211,SHP-035,tp-dist-northeast,tp-disp-nyhealth,2026-06-24T05:08:34.285Z,true
cus-0212,SHP-036,tp-biontech,tp-ff-globallink,2026-06-23T12:51:25.714Z,true
cus-0213,SHP-036,tp-ff-globallink,tp-abc,2026-06-23T13:42:51.428Z,true
cus-0214,SHP-036,tp-abc,tp-cb-newark,2026-06-23T14:34:17.142Z,true
cus-0215,SHP-036,tp-cb-newark,tp-3pl-edison,2026-06-23T15:25:42.857Z,true
cus-0216,SHP-036,tp-3pl-edison,tp-dist-northeast,2026-06-23T16:17:08.571Z,true
cus-0217,SHP-036,tp-dist-northeast,tp-disp-nyhealth,2026-06-23T17:08:34.285Z,true
cus-0218,SHP-037,tp-biontech,tp-ff-hanseatic,2026-06-19T05:08:34.285Z,true
cus-0219,SHP-037,tp-ff-hanseatic,tp-globalair,2026-06-19T22:17:08.571Z,true
cus-0220,SHP-037,tp-globalair,tp-cb-newark,2026-06-20T15:25:42.857Z,true
cus-0221,SHP-037,tp-cb-newark,tp-3pl-quickship,2026-06-21T08:34:17.142Z,true
cus-0222,SHP-037,tp-3pl-quickship,tp-dist-northeast,2026-06-22T01:42:51.428Z,true
cus-0223,SHP-037,tp-dist-northeast,tp-disp-nyhealth,2026-06-22T18:51:25.714Z,true
cus-0224,SHP-038,tp-biontech,tp-ff-globallink,2026-06-04T22:17:08.571Z,true
cus-0225,SHP-038,tp-ff-globallink,tp-carrierb,2026-06-08T08:34:17.142Z,true
cus-0226,SHP-038,tp-carrierb,tp-cb-newark,2026-06-11T18:51:25.714Z,true
cus-0227,SHP-038,tp-cb-newark,tp-3pl-quickship,2026-06-15T05:08:34.285Z,true
cus-0228,SHP-038,tp-3pl-quickship,tp-dist-northeast,2026-06-18T15:25:42.857Z,true
cus-0229,SHP-038,tp-dist-northeast,tp-disp-nyhealth,2026-06-22T01:42:51.428Z,true
cus-0230,SHP-039,tp-biontech,tp-ff-globallink,2026-06-21T05:08:34.285Z,true
cus-0231,SHP-039,tp-ff-globallink,tp-globalair,2026-06-21T22:17:08.571Z,true
cus-0232,SHP-039,tp-globalair,tp-cb-newark,2026-06-22T15:25:42.857Z,true
cus-0233,SHP-039,tp-cb-newark,tp-3pl-edison,2026-06-23T08:34:17.142Z,true
cus-0234,SHP-039,tp-3pl-edison,tp-dist-northeast,2026-06-24T01:42:51.428Z,true
cus-0235,SHP-039,tp-dist-northeast,tp-disp-nyhealth,2026-06-24T18:51:25.714Z,true
cus-0236,SHP-040,tp-biontech,tp-ff-globallink,2026-06-20T12:51:25.714Z,true
cus-0237,SHP-040,tp-ff-globallink,tp-carrierb,2026-06-20T13:42:51.428Z,true
cus-0238,SHP-040,tp-carrierb,tp-cb-newark,2026-06-20T14:34:17.142Z,true
cus-0239,SHP-040,tp-cb-newark,tp-3pl-edison,2026-06-20T15:25:42.857Z,true
cus-0240,SHP-040,tp-3pl-edison,tp-dist-valuemeds,2026-06-20T16:17:08.571Z,true
cus-0241,SHP-040,tp-dist-valuemeds,tp-disp-nyhealth,2026-06-20T17:08:34.285Z,true
cus-0242,SHP-041,tp-biontech,tp-ff-globallink,2026-06-22T01:42:51.428Z,true
cus-0243,SHP-041,tp-ff-globallink,tp-skycargo,2026-06-22T15:25:42.857Z,true
cus-0244,SHP-041,tp-skycargo,tp-cb-newark,2026-06-23T05:08:34.285Z,true
cus-0245,SHP-041,tp-cb-newark,tp-3pl-quickship,2026-06-23T18:51:25.714Z,true
cus-0246,SHP-041,tp-3pl-quickship,tp-dist-northeast,2026-06-24T08:34:17.142Z,true
cus-0247,SHP-041,tp-dist-northeast,tp-disp-nyhealth,2026-06-24T22:17:08.571Z,true
cus-0248,SHP-042,tp-biontech,tp-ff-hanseatic,2026-06-18T15:25:42.857Z,true
cus-0249,SHP-042,tp-ff-hanseatic,tp-transcon,2026-06-19T18:51:25.714Z,true
cus-0250,SHP-042,tp-transcon,tp-cb-newark,2026-06-20T22:17:08.571Z,true
cus-0251,SHP-042,tp-cb-newark,tp-3pl-edison,2026-06-22T01:42:51.428Z,true
cus-0252,SHP-042,tp-3pl-edison,tp-dist-northeast,2026-06-23T05:08:34.285Z,true
cus-0253,SHP-042,tp-dist-northeast,tp-disp-nyhealth,2026-06-24T08:34:17.142Z,true
cus-0254,SHP-043,tp-biontech,tp-ff-hanseatic,2026-06-17T01:42:51.428Z,true
cus-0255,SHP-043,tp-ff-hanseatic,tp-skycargo,2026-06-17T15:25:42.857Z,true
cus-0256,SHP-043,tp-skycargo,tp-cb-newark,2026-06-18T05:08:34.285Z,true
cus-0257,SHP-043,tp-cb-newark,tp-3pl-edison,2026-06-18T18:51:25.714Z,true
cus-0258,SHP-043,tp-3pl-edison,tp-dist-northeast,2026-06-19T08:34:17.142Z,true
cus-0259,SHP-043,tp-dist-northeast,tp-disp-nyhealth,2026-06-19T22:17:08.571Z,true
cus-0260,SHP-044,tp-biontech,tp-ff-globallink,2026-06-20T08:34:17.142Z,true
cus-0261,SHP-044,tp-ff-globallink,tp-transcon,2026-06-21T05:08:34.285Z,true
cus-0262,SHP-044,tp-transcon,tp-cb-newark,2026-06-22T01:42:51.428Z,true
cus-0263,SHP-044,tp-cb-newark,tp-3pl-quickship,2026-06-22T22:17:08.571Z,true
cus-0264,SHP-044,tp-3pl-quickship,tp-dist-northeast,2026-06-23T18:51:25.714Z,true
cus-0265,SHP-044,tp-dist-northeast,tp-disp-nyhealth,2026-06-24T15:25:42.857Z,true
cus-0266,SHP-045,tp-biontech,tp-ff-globallink,2026-06-23T18:51:25.714Z,true
cus-0267,SHP-045,tp-ff-globallink,tp-skycargo,2026-06-24T01:42:51.428Z,true
cus-0268,SHP-045,tp-skycargo,tp-cb-newark,2026-06-24T08:34:17.142Z,true
cus-0269,SHP-045,tp-cb-newark,tp-3pl-edison,2026-06-24T15:25:42.857Z,true
cus-0270,SHP-045,tp-3pl-edison,tp-dist-northeast,2026-06-24T22:17:08.571Z,true
cus-0271,SHP-045,tp-dist-northeast,tp-disp-nyhealth,2026-06-25T05:08:34.285Z,true
cus-0272,SHP-046,tp-biontech,tp-ff-globallink,2026-06-21T12:51:25.714Z,true
cus-0273,SHP-046,tp-ff-globallink,tp-transcon,2026-06-21T13:42:51.428Z,true
cus-0274,SHP-046,tp-transcon,tp-cb-newark,2026-06-21T14:34:17.142Z,true
cus-0275,SHP-046,tp-cb-newark,tp-3pl-edison,2026-06-21T15:25:42.857Z,true
cus-0276,SHP-046,tp-3pl-edison,tp-dist-valuemeds,2026-06-21T16:17:08.571Z,true
cus-0277,SHP-046,tp-dist-valuemeds,tp-disp-nyhealth,2026-06-21T17:08:34.285Z,true
cus-0278,SHP-047,tp-biontech,tp-ff-hanseatic,2026-06-18T12:51:25.714Z,true
cus-0279,SHP-047,tp-ff-hanseatic,tp-skycargo,2026-06-18T13:42:51.428Z,true
cus-0280,SHP-047,tp-skycargo,tp-cb-newark,2026-06-18T14:34:17.142Z,true
cus-0281,SHP-047,tp-cb-newark,tp-3pl-quickship,2026-06-18T15:25:42.857Z,true
cus-0282,SHP-047,tp-3pl-quickship,tp-dist-valuemeds,2026-06-18T16:17:08.571Z,true
cus-0283,SHP-047,tp-dist-valuemeds,tp-disp-nyhealth,2026-06-18T17:08:34.285Z,true
cus-0284,SHP-048,tp-biontech,tp-ff-hanseatic,2026-06-22T12:51:25.714Z,true
cus-0285,SHP-048,tp-ff-hanseatic,tp-transcon,2026-06-22T13:42:51.428Z,true
cus-0286,SHP-048,tp-transcon,tp-cb-newark,2026-06-22T14:34:17.142Z,true
cus-0287,SHP-048,tp-cb-newark,tp-3pl-quickship,2026-06-22T15:25:42.857Z,true
cus-0288,SHP-048,tp-3pl-quickship,tp-dist-northeast,2026-06-22T16:17:08.571Z,true
cus-0289,SHP-048,tp-dist-northeast,tp-disp-nyhealth,2026-06-22T17:08:34.285Z,true
cus-0290,SHP-049,tp-biontech,tp-ff-hanseatic,2026-06-20T12:51:25.714Z,true
cus-0291,SHP-049,tp-ff-hanseatic,tp-globalair,2026-06-20T13:42:51.428Z,true
cus-0292,SHP-049,tp-globalair,tp-cb-newark,2026-06-20T14:34:17.142Z,true
cus-0293,SHP-049,tp-cb-newark,tp-3pl-edison,2026-06-20T15:25:42.857Z,true
cus-0294,SHP-049,tp-3pl-edison,tp-dist-northeast,2026-06-20T16:17:08.571Z,true
cus-0295,SHP-049,tp-dist-northeast,tp-disp-nyhealth,2026-06-20T17:08:34.285Z,true
cus-0296,SHP-050,tp-biontech,tp-ff-hanseatic,2026-06-20T08:34:17.142Z,true
cus-0297,SHP-050,tp-ff-hanseatic,tp-carrierb,2026-06-21T05:08:34.285Z,false
cus-0298,SHP-050,tp-carrierb,tp-cb-newark,2026-06-22T01:42:51.428Z,true
cus-0299,SHP-050,tp-cb-newark,tp-3pl-quickship,2026-06-22T22:17:08.571Z,true
cus-0300,SHP-050,tp-3pl-quickship,tp-dist-valuemeds,2026-06-23T18:51:25.714Z,true
cus-0301,SHP-050,tp-dist-valuemeds,tp-disp-nyhealth,2026-06-24T15:25:42.857Z,true
